,PASSING,RUSHING,MISC,position,player_name,week,RECEIVING,Player,FG,FGA,XPT,FPTS,SACK,INT,FR,FF,TD,SAFETY,PA,YDS AGN
Lamar Jackson BAL,25.5,16.6,224.4,QB,Lamar Jackson BAL,2,,,,,,,,,,,,,,
Josh Allen BUF,31.0,20.0,232.0,QB,Josh Allen BUF,2,,,,,,,,,,,,,,
Jalen Hurts PHI,26.8,18.0,201.6,QB,Jalen Hurts PHI,2,,,,,,,,,,,,,,
Patrick Mahomes II KC,36.3,23.7,237.6,QB,Patrick Mahomes II KC,2,,,,,,,,,,,,,,
Justin Fields NYJ,29.7,18.6,202.1,QB,Justin Fields NYJ,2,,,,,,,,,,,,,,
Dak Prescott DAL,35.5,23.9,261.3,QB,Dak Prescott DAL,2,,,,,,,,,,,,,,
Jordan Love GB,30.4,19.9,242.2,QB,Jordan Love GB,2,,,,,,,,,,,,,,
Baker Mayfield TB,32.5,20.9,246.1,QB,Baker Mayfield TB,2,,,,,,,,,,,,,,
Justin Herbert LAC,31.2,21.2,245.1,QB,Justin Herbert LAC,2,,,,,,,,,,,,,,
J.J. McCarthy MIN,31.1,21.3,233.6,QB,J.J. McCarthy MIN,2,,,,,,,,,,,,,,
Bo Nix DEN,34.0,22.5,228.3,QB,Bo Nix DEN,2,,,,,,,,,,,,,,
Drake Maye NE,32.0,21.7,220.0,QB,Drake Maye NE,2,,,,,,,,,,,,,,
Jared Goff DET,32.2,22.6,262.1,QB,Jared Goff DET,2,,,,,,,,,,,,,,
Trevor Lawrence JAC,34.6,23.0,252.8,QB,Trevor Lawrence JAC,2,,,,,,,,,,,,,,
Daniel Jones IND,27.6,17.3,208.7,QB,Daniel Jones IND,2,,,,,,,,,,,,,,
Caleb Williams CHI,34.4,21.5,230.7,QB,Caleb Williams CHI,2,,,,,,,,,,,,,,
Tua Tagovailoa MIA,34.5,23.7,258.3,QB,Tua Tagovailoa MIA,2,,,,,,,,,,,,,,
Geno Smith LV,35.7,24.0,258.0,QB,Geno Smith LV,2,,,,,,,,,,,,,,
Russell Wilson NYG,30.2,19.6,223.3,QB,Russell Wilson NYG,2,,,,,,,,,,,,,,
Matthew Stafford LAR,32.6,21.9,247.7,QB,Matthew Stafford LAR,2,,,,,,,,,,,,,,
Bryce Young CAR,32.9,21.1,205.0,QB,Bryce Young CAR,2,,,,,,,,,,,,,,
Aaron Rodgers PIT,32.4,21.3,223.4,QB,Aaron Rodgers PIT,2,,,,,,,,,,,,,,
Sam Darnold SEA,32.5,22.0,242.2,QB,Sam Darnold SEA,2,,,,,,,,,,,,,,
Michael Penix Jr. ATL,31.9,20.1,224.1,QB,Michael Penix Jr. ATL,2,,,,,,,,,,,,,,
Joe Burrow CIN,17.9,13.1,192.9,QB,Joe Burrow CIN,2,,,,,,,,,,,,,,
Cam Ward TEN,31.8,19.8,216.5,QB,Cam Ward TEN,2,,,,,,,,,,,,,,
Mac Jones SF,31.1,20.9,211.9,QB,Mac Jones SF,2,,,,,,,,,,,,,,
Joe Flacco CIN,37.1,22.8,240.4,QB,Joe Flacco CIN,2,,,,,,,,,,,,,,
Spencer Rattler NO,33.2,19.7,199.8,QB,Spencer Rattler NO,2,,,,,,,,,,,,,,
Jaxson Dart NYG,2.8,1.8,20.3,QB,Jaxson Dart NYG,2,,,,,,,,,,,,,,
Cooper Rush BAL,0.5,0.4,4.7,QB,Cooper Rush BAL,2,,,,,,,,,,,,,,
Jake Browning CIN,0.7,0.6,5.7,QB,Jake Browning CIN,2,,,,,,,,,,,,,,
Joe Milton III DAL,0.8,0.5,5.5,QB,Joe Milton III DAL,2,,,,,,,,,,,,,,
Jacoby Brissett ARI,0.6,0.5,4.7,QB,Jacoby Brissett ARI,2,,,,,,,,,,,,,,
Zach Wilson MIA,0.7,0.5,4.9,QB,Zach Wilson MIA,2,,,,,,,,,,,,,,
Kenny Pickett LV,0.8,0.5,4.9,QB,Kenny Pickett LV,2,,,,,,,,,,,,,,
Malik Willis GB,0.6,0.4,4.5,QB,Malik Willis GB,2,,,,,,,,,,,,,,
Anthony Richardson Sr. IND,0.6,0.4,4.5,QB,Anthony Richardson Sr. IND,2,,,,,,,,,,,,,,
Nick Mullens JAC,0.7,0.5,4.9,QB,Nick Mullens JAC,2,,,,,,,,,,,,,,
Mitchell Trubisky BUF,0.7,0.4,4.6,QB,Mitchell Trubisky BUF,2,,,,,,,,,,,,,,
Tyrod Taylor NYJ,0.7,0.4,4.4,QB,Tyrod Taylor NYJ,2,,,,,,,,,,,,,,
Tyson Bagent CHI,0.7,0.4,4.5,QB,Tyson Bagent CHI,2,,,,,,,,,,,,,,
Marcus Mariota WAS,0.7,0.5,4.3,QB,Marcus Mariota WAS,2,,,,,,,,,,,,,,
Jarrett Stidham DEN,0.7,0.5,4.4,QB,Jarrett Stidham DEN,2,,,,,,,,,,,,,,
Mason Rudolph PIT,0.7,0.4,4.4,QB,Mason Rudolph PIT,2,,,,,,,,,,,,,,
Joshua Dobbs NE,0.7,0.5,4.2,QB,Joshua Dobbs NE,2,,,,,,,,,,,,,,
Tyler Shough NO,0.8,0.5,4.6,QB,Tyler Shough NO,2,,,,,,,,,,,,,,
Gardner Minshew II KC,0.7,0.5,4.3,QB,Gardner Minshew II KC,2,,,,,,,,,,,,,,
Jimmy Garoppolo LAR,0.7,0.5,4.9,QB,Jimmy Garoppolo LAR,2,,,,,,,,,,,,,,
Davis Mills HOU,0.7,0.4,4.4,QB,Davis Mills HOU,2,,,,,,,,,,,,,,
Andy Dalton CAR,0.7,0.4,3.9,QB,Andy Dalton CAR,2,,,,,,,,,,,,,,
Brandon Allen TEN,0.6,0.4,4.1,QB,Brandon Allen TEN,2,,,,,,,,,,,,,,
Adrian Martinez SF,1.0,0.6,8.3,QB,Adrian Martinez SF,2,,,,,,,,,,,,,,
Kirk Cousins ATL,0.6,0.4,4.2,QB,Kirk Cousins ATL,2,,,,,,,,,,,,,,
Teddy Bridgewater TB,0.5,0.3,3.3,QB,Teddy Bridgewater TB,2,,,,,,,,,,,,,,
Drew Lock SEA,0.7,0.5,4.9,QB,Drew Lock SEA,2,,,,,,,,,,,,,,
Trey Lance LAC,0.6,0.4,4.3,QB,Trey Lance LAC,2,,,,,,,,,,,,,,
Kyle Allen DET,0.3,0.3,4.2,QB,Kyle Allen DET,2,,,,,,,,,,,,,,
Dillon Gabriel CLE,0.6,0.4,3.4,QB,Dillon Gabriel CLE,2,,,,,,,,,,,,,,
Brock Purdy SF,0.0,0.0,0.0,QB,Brock Purdy SF,2,,,,,,,,,,,,,,
Shedeur Sanders CLE,0.0,0.0,0.0,QB,Shedeur Sanders CLE,2,,,,,,,,,,,,,,
Jalen Milroe SEA,0.0,0.0,0.0,QB,Jalen Milroe SEA,2,,,,,,,,,,,,,,
Jameis Winston NYG,0.0,0.0,0.0,QB,Jameis Winston NYG,2,,,,,,,,,,,,,,
Tanner McKee PHI,0.0,0.0,0.0,QB,Tanner McKee PHI,2,,,,,,,,,,,,,,
Case Keenum CHI,0.0,0.0,0.0,QB,Case Keenum CHI,2,,,,,,,,,,,,,,
Sam Howell PHI,0.0,0.0,0.0,QB,Sam Howell PHI,2,,,,,,,,,,,,,,
Aidan O'Connell LV,0.0,0.0,0.0,QB,Aidan O'Connell LV,2,,,,,,,,,,,,,,
Christian McCaffrey SF,,15.5,0.5,RB,Christian McCaffrey SF,2,81.5,,,,,,,,,,,,,
De'Von Achane MIA,,12.0,0.5,RB,De'Von Achane MIA,2,67.4,,,,,,,,,,,,,
Jahmyr Gibbs DET,,12.7,0.7,RB,Jahmyr Gibbs DET,2,73.4,,,,,,,,,,,,,
Josh Jacobs GB,,18.5,0.9,RB,Josh Jacobs GB,2,86.4,,,,,,,,,,,,,
Derrick Henry BAL,,19.3,0.9,RB,Derrick Henry BAL,2,104.5,,,,,,,,,,,,,
Saquon Barkley PHI,,18.6,0.6,RB,Saquon Barkley PHI,2,94.7,,,,,,,,,,,,,
Bijan Robinson ATL,,15.3,0.6,RB,Bijan Robinson ATL,2,68.1,,,,,,,,,,,,,
Chase Brown CIN,,15.5,0.6,RB,Chase Brown CIN,2,70.1,,,,,,,,,,,,,
Kyren Williams LAR,,19.0,0.8,RB,Kyren Williams LAR,2,84.6,,,,,,,,,,,,,
Ashton Jeanty LV,,15.7,0.6,RB,Ashton Jeanty LV,2,71.8,,,,,,,,,,,,,
Bucky Irving TB,,15.9,0.6,RB,Bucky Irving TB,2,73.7,,,,,,,,,,,,,
Jonathan Taylor IND,,18.9,0.5,RB,Jonathan Taylor IND,2,82.2,,,,,,,,,,,,,
Chuba Hubbard CAR,,15.7,0.6,RB,Chuba Hubbard CAR,2,70.6,,,,,,,,,,,,,
James Cook III BUF,,14.5,0.7,RB,James Cook III BUF,2,68.0,,,,,,,,,,,,,
Alvin Kamara NO,,12.7,0.4,RB,Alvin Kamara NO,2,54.8,,,,,,,,,,,,,
Breece Hall NYJ,,14.0,0.3,RB,Breece Hall NYJ,2,64.0,,,,,,,,,,,,,
Tony Pollard TEN,,17.1,0.4,RB,Tony Pollard TEN,2,75.4,,,,,,,,,,,,,
Javonte Williams DAL,,14.7,0.6,RB,Javonte Williams DAL,2,61.8,,,,,,,,,,,,,
Tyrone Tracy Jr. NYG,,12.6,0.4,RB,Tyrone Tracy Jr. NYG,2,61.8,,,,,,,,,,,,,
D'Andre Swift CHI,,14.6,0.4,RB,D'Andre Swift CHI,2,62.8,,,,,,,,,,,,,
Jaylen Warren PIT,,11.6,0.3,RB,Jaylen Warren PIT,2,53.3,,,,,,,,,,,,,
Travis Etienne Jr. JAC,,11.9,0.3,RB,Travis Etienne Jr. JAC,2,56.9,,,,,,,,,,,,,
David Montgomery DET,,12.7,0.6,RB,David Montgomery DET,2,52.4,,,,,,,,,,,,,
Aaron Jones Sr. MIN,,9.6,0.3,RB,Aaron Jones Sr. MIN,2,48.0,,,,,,,,,,,,,
J.K. Dobbins DEN,,11.5,0.4,RB,J.K. Dobbins DEN,2,56.0,,,,,,,,,,,,,
Jordan Mason MIN,,14.2,0.4,RB,Jordan Mason MIN,2,69.2,,,,,,,,,,,,,
TreVeyon Henderson NE,,9.7,0.3,RB,TreVeyon Henderson NE,2,47.7,,,,,,,,,,,,,
Kenneth Walker III SEA,,10.4,0.4,RB,Kenneth Walker III SEA,2,42.2,,,,,,,,,,,,,
Zach Charbonnet SEA,,11.4,0.4,RB,Zach Charbonnet SEA,2,45.7,,,,,,,,,,,,,
Dylan Sampson CLE,,11.7,0.3,RB,Dylan Sampson CLE,2,42.3,,,,,,,,,,,,,
Nick Chubb HOU,,14.2,0.5,RB,Nick Chubb HOU,2,55.2,,,,,,,,,,,,,
Rhamondre Stevenson NE,,11.0,0.4,RB,Rhamondre Stevenson NE,2,45.5,,,,,,,,,,,,,
Isiah Pacheco KC,,10.7,0.3,RB,Isiah Pacheco KC,2,43.8,,,,,,,,,,,,,
Jacory Croskey-Merritt WAS,,10.6,0.4,RB,Jacory Croskey-Merritt WAS,2,46.0,,,,,,,,,,,,,
Trey Benson ARI,,9.4,0.2,RB,Trey Benson ARI,2,50.5,,,,,,,,,,,,,
Kareem Hunt KC,,8.9,0.3,RB,Kareem Hunt KC,2,32.0,,,,,,,,,,,,,
RJ Harvey DEN,,8.6,0.2,RB,RJ Harvey DEN,2,38.7,,,,,,,,,,,,,
Kenneth Gainwell PIT,,9.0,0.3,RB,Kenneth Gainwell PIT,2,32.6,,,,,,,,,,,,,
Justice Hill BAL,,4.2,0.1,RB,Justice Hill BAL,2,15.8,,,,,,,,,,,,,
Rachaad White TB,,6.1,0.1,RB,Rachaad White TB,2,22.2,,,,,,,,,,,,,
Bhayshul Tuten JAC,,7.1,0.2,RB,Bhayshul Tuten JAC,2,29.4,,,,,,,,,,,,,
Jerome Ford CLE,,6.0,0.1,RB,Jerome Ford CLE,2,26.8,,,,,,,,,,,,,
Brian Robinson Jr. SF,,7.4,0.3,RB,Brian Robinson Jr. SF,2,29.5,,,,,,,,,,,,,
Rico Dowdle CAR,,4.8,0.1,RB,Rico Dowdle CAR,2,20.8,,,,,,,,,,,,,
Ollie Gordon II MIA,,6.4,0.2,RB,Ollie Gordon II MIA,2,26.9,,,,,,,,,,,,,
Tyler Allgeier ATL,,6.8,0.2,RB,Tyler Allgeier ATL,2,30.0,,,,,,,,,,,,,
Samaje Perine CIN,,3.9,0.1,RB,Samaje Perine CIN,2,13.6,,,,,,,,,,,,,
Quinshon Judkins CLE,,5.0,0.2,RB,Quinshon Judkins CLE,2,20.2,,,,,,,,,,,,,
Ty Johnson BUF,,3.6,0.1,RB,Ty Johnson BUF,2,16.3,,,,,,,,,,,,,
Ray Davis BUF,,6.2,0.2,RB,Ray Davis BUF,2,23.0,,,,,,,,,,,,,
Blake Corum LAR,,4.8,0.1,RB,Blake Corum LAR,2,18.6,,,,,,,,,,,,,
Dare Ogunbowale HOU,,2.3,0.0,RB,Dare Ogunbowale HOU,2,7.9,,,,,,,,,,,,,
Devin Singletary NYG,,3.8,0.1,RB,Devin Singletary NYG,2,18.4,,,,,,,,,,,,,
Julius Chestnut TEN,,4.5,0.1,RB,Julius Chestnut TEN,2,16.2,,,,,,,,,,,,,
Kaleb Johnson PIT,,4.6,0.1,RB,Kaleb Johnson PIT,2,16.8,,,,,,,,,,,,,
Woody Marks HOU,,3.6,0.1,RB,Woody Marks HOU,2,15.3,,,,,,,,,,,,,
Chris Brooks GB,,2.7,0.1,RB,Chris Brooks GB,2,13.4,,,,,,,,,,,,,
LeQuint Allen Jr. JAC,,2.3,0.1,RB,LeQuint Allen Jr. JAC,2,9.2,,,,,,,,,,,,,
DJ Giddens IND,,3.2,0.1,RB,DJ Giddens IND,2,12.7,,,,,,,,,,,,,
Dameon Pierce HOU,,3.6,0.1,RB,Dameon Pierce HOU,2,14.9,,,,,,,,,,,,,
Tyler Badie DEN,,1.2,0.0,RB,Tyler Badie DEN,2,6.6,,,,,,,,,,,,,
Kyle Monangai CHI,,2.8,0.1,RB,Kyle Monangai CHI,2,12.8,,,,,,,,,,,,,
Zamir White LV,,3.7,0.1,RB,Zamir White LV,2,13.9,,,,,,,,,,,,,
Kyle Juszczyk SF,,0.3,0.0,RB,Kyle Juszczyk SF,2,1.4,,,,,,,,,,,,,
A.J. Dillon PHI,,3.4,0.1,RB,A.J. Dillon PHI,2,13.5,,,,,,,,,,,,,
Devin Neal NO,,2.2,0.1,RB,Devin Neal NO,2,9.9,,,,,,,,,,,,,
Isaac Guerendo SF,,2.5,0.1,RB,Isaac Guerendo SF,2,9.6,,,,,,,,,,,,,
Roschon Johnson CHI,,1.8,0.1,RB,Roschon Johnson CHI,2,5.6,,,,,,,,,,,,,
Zavier Scott MIN,,2.1,0.1,RB,Zavier Scott MIN,2,10.3,,,,,,,,,,,,,
Tank Bigsby PHI,,2.4,0.1,RB,Tank Bigsby PHI,2,10.0,,,,,,,,,,,,,
Isaiah Davis NYJ,,1.4,0.0,RB,Isaiah Davis NYJ,2,7.4,,,,,,,,,,,,,
Brashard Smith KC,,1.4,0.1,RB,Brashard Smith KC,2,6.5,,,,,,,,,,,,,
Emanuel Wilson GB,,1.9,0.1,RB,Emanuel Wilson GB,2,8.0,,,,,,,,,,,,,
Alec Ingold MIA,,0.5,0.1,RB,Alec Ingold MIA,2,1.4,,,,,,,,,,,,,
Jeremy McNichols WAS,,2.3,0.1,RB,Jeremy McNichols WAS,2,7.2,,,,,,,,,,,,,
Sean Tucker TB,,1.6,0.1,RB,Sean Tucker TB,2,7.0,,,,,,,,,,,,,
Emari Demercado ARI,,1.0,0.0,RB,Emari Demercado ARI,2,7.8,,,,,,,,,,,,,
Trevor Etienne CAR,,1.2,0.1,RB,Trevor Etienne CAR,2,7.2,,,,,,,,,,,,,
Hunter Luepke DAL,,0.6,0.1,RB,Hunter Luepke DAL,2,2.3,,,,,,,,,,,,,
Andrew Beck NYJ,,0.2,0.1,RB,Andrew Beck NYJ,2,0.2,,,,,,,,,,,,,
Zonovan Knight ARI,,1.0,0.1,RB,Zonovan Knight ARI,2,5.8,,,,,,,,,,,,,
Jakob Johnson HOU,,0.6,0.0,RB,Jakob Johnson HOU,2,1.8,,,,,,,,,,,,,
George Holani SEA,,0.0,0.0,RB,George Holani SEA,2,5.2,,,,,,,,,,,,,
Jarquez Hunter LAR,,0.9,0.0,RB,Jarquez Hunter LAR,2,3.7,,,,,,,,,,,,,
Dylan Laube LV,,0.8,0.1,RB,Dylan Laube LV,2,3.2,,,,,,,,,,,,,
Tahj Brooks CIN,,0.6,0.0,RB,Tahj Brooks CIN,2,2.7,,,,,,,,,,,,,
Craig Reynolds DET,,1.0,0.0,RB,Craig Reynolds DET,2,4.3,,,,,,,,,,,,,
Rasheen Ali BAL,,0.7,0.0,RB,Rasheen Ali BAL,2,2.9,,,,,,,,,,,,,
Scott Matlock LAC,,0.0,0.0,RB,Scott Matlock LAC,2,0.0,,,,,,,,,,,,,
Robbie Ouzts SEA,,0.0,0.0,RB,Robbie Ouzts SEA,2,0.0,,,,,,,,,,,,,
Adam Prentice DEN,,0.1,0.0,RB,Adam Prentice DEN,2,0.3,,,,,,,,,,,,,
Reggie Gilliam BUF,,0.4,0.0,RB,Reggie Gilliam BUF,2,1.0,,,,,,,,,,,,,
Eric Gray NYG,,0.0,0.0,RB,Eric Gray NYG,2,0.0,,,,,,,,,,,,,
Jaydon Blue DAL,,0.0,0.0,RB,Jaydon Blue DAL,2,0.0,,,,,,,,,,,,,
Will Shipley PHI,,0.0,0.0,RB,Will Shipley PHI,2,0.0,,,,,,,,,,,,,
Tyjae Spears TEN,,0.0,0.0,RB,Tyjae Spears TEN,2,0.0,,,,,,,,,,,,,
MarShawn Lloyd GB,,0.0,0.0,RB,MarShawn Lloyd GB,2,0.0,,,,,,,,,,,,,
Jaylen Wright MIA,,0.0,0.0,RB,Jaylen Wright MIA,2,0.0,,,,,,,,,,,,,
Elijah Mitchell KC,,0.0,0.0,RB,Elijah Mitchell KC,2,0.0,,,,,,,,,,,,,
Raheem Mostert LV,,0.0,0.0,RB,Raheem Mostert LV,2,0.0,,,,,,,,,,,,,
Chris Rodriguez Jr. WAS,,0.0,0.0,RB,Chris Rodriguez Jr. WAS,2,0.0,,,,,,,,,,,,,
Kalel Mullings TEN,,0.0,0.0,RB,Kalel Mullings TEN,2,0.0,,,,,,,,,,,,,
Keaton Mitchell BAL,,0.0,0.0,RB,Keaton Mitchell BAL,2,0.0,,,,,,,,,,,,,
Jaleel McLaughlin DEN,,0.0,0.0,RB,Jaleel McLaughlin DEN,2,0.0,,,,,,,,,,,,,
Tyler Goodson IND,,0.0,0.0,RB,Tyler Goodson IND,2,0.0,,,,,,,,,,,,,
Nathan Carter ATL,,0.0,0.0,RB,Nathan Carter ATL,2,0.0,,,,,,,,,,,,,
Ty Chandler MIN,,0.0,0.0,RB,Ty Chandler MIN,2,0.0,,,,,,,,,,,,,
Patrick Ricard BAL,,0.0,0.0,RB,Patrick Ricard BAL,2,0.0,,,,,,,,,,,,,
C.J. Ham MIN,,0.0,0.0,RB,C.J. Ham MIN,2,0.0,,,,,,,,,,,,,
Jordan James SF,,0.0,0.0,RB,Jordan James SF,2,0.0,,,,,,,,,,,,,
Josh Williams TB,,0.0,0.0,RB,Josh Williams TB,2,0.0,,,,,,,,,,,,,
Travis Homer CHI,,0.0,0.0,RB,Travis Homer CHI,2,0.0,,,,,,,,,,,,,
Michael Burton DEN,,0.0,0.0,RB,Michael Burton DEN,2,0.0,,,,,,,,,,,,,
Kene Nwangwu NYJ,,0.0,0.0,RB,Kene Nwangwu NYJ,2,0.0,,,,,,,,,,,,,
Pierre Strong Jr. GB,,0.0,0.0,RB,Pierre Strong Jr. GB,2,0.0,,,,,,,,,,,,,
Sione Vaki DET,,0.0,0.0,RB,Sione Vaki DET,2,0.0,,,,,,,,,,,,,
Raheim Sanders CLE,,0.0,0.0,RB,Raheim Sanders CLE,2,0.0,,,,,,,,,,,,,
Clyde Edwards-Helaire KC,,0.0,0.0,RB,Clyde Edwards-Helaire KC,2,0.0,,,,,,,,,,,,,
DeeJay Dallas CAR,,0.0,0.0,RB,DeeJay Dallas CAR,2,0.0,,,,,,,,,,,,,
Khalil Herbert NYJ,,0.0,0.0,RB,Khalil Herbert NYJ,2,0.0,,,,,,,,,,,,,
Deuce Vaughn DEN,,0.0,0.0,RB,Deuce Vaughn DEN,2,0.0,,,,,,,,,,,,,
Jashaun Corbin NE,,0.0,0.0,RB,Jashaun Corbin NE,2,0.0,,,,,,,,,,,,,
Kimani Vidal LAC,,0.0,0.0,RB,Kimani Vidal LAC,2,0.0,,,,,,,,,,,,,
Audric Estime NO,,0.0,0.0,RB,Audric Estime NO,2,0.0,,,,,,,,,,,,,
Keilan Robinson NYJ,,0.0,0.0,RB,Keilan Robinson NYJ,2,0.0,,,,,,,,,,,,,
Jacob Saylors DET,,0.0,0.0,RB,Jacob Saylors DET,2,0.0,,,,,,,,,,,,,
Carson Steele KC,,0.0,0.0,RB,Carson Steele KC,2,0.0,,,,,,,,,,,,,
Sincere McCormick SF,,0.0,0.0,RB,Sincere McCormick SF,2,0.0,,,,,,,,,,,,,
Terrell Jennings NE,,0.0,0.0,RB,Terrell Jennings NE,2,0.0,,,,,,,,,,,,,
Carlos Washington Jr. ATL,,0.0,0.0,RB,Carlos Washington Jr. ATL,2,0.0,,,,,,,,,,,,,
Ja'Marr Chase CIN,,91.8,0.7,WR,Ja'Marr Chase CIN,2,6.6,,,,,,,,,,,,,
Puka Nacua LAR,,91.7,0.4,WR,Puka Nacua LAR,2,7.2,,,,,,,,,,,,,
Justin Jefferson MIN,,92.5,0.6,WR,Justin Jefferson MIN,2,6.5,,,,,,,,,,,,,
CeeDee Lamb DAL,,90.5,0.5,WR,CeeDee Lamb DAL,2,6.9,,,,,,,,,,,,,
Amon-Ra St. Brown DET,,74.8,0.5,WR,Amon-Ra St. Brown DET,2,6.4,,,,,,,,,,,,,
Brian Thomas Jr. JAC,,80.1,0.5,WR,Brian Thomas Jr. JAC,2,5.4,,,,,,,,,,,,,
Nico Collins HOU,,80.5,0.5,WR,Nico Collins HOU,2,5.6,,,,,,,,,,,,,
Jaxon Smith-Njigba SEA,,77.0,0.3,WR,Jaxon Smith-Njigba SEA,2,6.3,,,,,,,,,,,,,
Davante Adams LAR,,69.5,0.5,WR,Davante Adams LAR,2,5.2,,,,,,,,,,,,,
Tee Higgins CIN,,67.6,0.6,WR,Tee Higgins CIN,2,5.0,,,,,,,,,,,,,
A.J. Brown PHI,,71.9,0.5,WR,A.J. Brown PHI,2,4.9,,,,,,,,,,,,,
Ladd McConkey LAC,,71.6,0.4,WR,Ladd McConkey LAC,2,5.4,,,,,,,,,,,,,
Drake London ATL,,67.8,0.4,WR,Drake London ATL,2,5.5,,,,,,,,,,,,,
Garrett Wilson NYJ,,68.2,0.4,WR,Garrett Wilson NYJ,2,5.6,,,,,,,,,,,,,
DK Metcalf PIT,,71.7,0.5,WR,DK Metcalf PIT,2,4.7,,,,,,,,,,,,,
Marvin Harrison Jr. ARI,,64.7,0.6,WR,Marvin Harrison Jr. ARI,2,4.5,,,,,,,,,,,,,
Jakobi Meyers JAC,,65.8,0.3,WR,Jakobi Meyers JAC,2,5.6,,,,,,,,,,,,,
Courtland Sutton DEN,,64.8,0.5,WR,Courtland Sutton DEN,2,4.8,,,,,,,,,,,,,
DJ Moore CHI,,64.5,0.4,WR,DJ Moore CHI,2,4.9,,,,,,,,,,,,,
Zay Flowers BAL,,63.8,0.4,WR,Zay Flowers BAL,2,4.4,,,,,,,,,,,,,
Terry McLaurin WAS,,63.0,0.4,WR,Terry McLaurin WAS,2,4.7,,,,,,,,,,,,,
Tetairoa McMillan CAR,,63.0,0.4,WR,Tetairoa McMillan CAR,2,5.0,,,,,,,,,,,,,
Emeka Egbuka TB,,61.0,0.4,WR,Emeka Egbuka TB,2,4.5,,,,,,,,,,,,,
Jerry Jeudy CLE,,68.9,0.2,WR,Jerry Jeudy CLE,2,4.9,,,,,,,,,,,,,
Ricky Pearsall SF,,63.7,0.3,WR,Ricky Pearsall SF,2,4.4,,,,,,,,,,,,,
George Pickens DAL,,63.8,0.4,WR,George Pickens DAL,2,4.2,,,,,,,,,,,,,
Deebo Samuel Sr. WAS,,53.4,0.3,WR,Deebo Samuel Sr. WAS,2,4.2,,,,,,,,,,,,,
Calvin Ridley TEN,,61.5,0.4,WR,Calvin Ridley TEN,2,4.1,,,,,,,,,,,,,
DeVonta Smith PHI,,55.7,0.4,WR,DeVonta Smith PHI,2,4.6,,,,,,,,,,,,,
Jameson Williams DET,,58.1,0.3,WR,Jameson Williams DET,2,3.6,,,,,,,,,,,,,
Michael Pittman Jr. IND,,56.5,0.3,WR,Michael Pittman Jr. IND,2,5.0,,,,,,,,,,,,,
Jaylen Waddle MIA,,60.6,0.2,WR,Jaylen Waddle MIA,2,4.4,,,,,,,,,,,,,
Chris Olave NO,,59.1,0.2,WR,Chris Olave NO,2,4.8,,,,,,,,,,,,,
Marquise Brown KC,,53.8,0.3,WR,Marquise Brown KC,2,4.6,,,,,,,,,,,,,
Keon Coleman BUF,,57.1,0.4,WR,Keon Coleman BUF,2,3.5,,,,,,,,,,,,,
Rome Odunze CHI,,56.2,0.3,WR,Rome Odunze CHI,2,4.1,,,,,,,,,,,,,
Keenan Allen LAC,,50.9,0.4,WR,Keenan Allen LAC,2,4.3,,,,,,,,,,,,,
Khalil Shakir BUF,,49.2,0.3,WR,Khalil Shakir BUF,2,4.3,,,,,,,,,,,,,
Jayden Reed GB,,45.8,0.3,WR,Jayden Reed GB,2,3.3,,,,,,,,,,,,,
Stefon Diggs NE,,45.7,0.2,WR,Stefon Diggs NE,2,4.1,,,,,,,,,,,,,
Wan'Dale Robinson NYG,,44.0,0.2,WR,Wan'Dale Robinson NYG,2,4.6,,,,,,,,,,,,,
Quentin Johnston LAC,,46.5,0.4,WR,Quentin Johnston LAC,2,3.3,,,,,,,,,,,,,
Rashid Shaheed SEA,,49.4,0.3,WR,Rashid Shaheed SEA,2,3.5,,,,,,,,,,,,,
Cedric Tillman CLE,,45.3,0.3,WR,Cedric Tillman CLE,2,3.7,,,,,,,,,,,,,
Cooper Kupp SEA,,44.6,0.2,WR,Cooper Kupp SEA,2,3.7,,,,,,,,,,,,,
Romeo Doubs GB,,44.6,0.3,WR,Romeo Doubs GB,2,3.2,,,,,,,,,,,,,
Calvin Austin III PIT,,44.0,0.3,WR,Calvin Austin III PIT,2,3.2,,,,,,,,,,,,,
Darnell Mooney ATL,,46.8,0.2,WR,Darnell Mooney ATL,2,3.4,,,,,,,,,,,,,
Jauan Jennings SF,,43.0,0.3,WR,Jauan Jennings SF,2,3.5,,,,,,,,,,,,,
Matthew Golden GB,,44.0,0.3,WR,Matthew Golden GB,2,3.1,,,,,,,,,,,,,
Kayshon Boutte NE,,44.8,0.2,WR,Kayshon Boutte NE,2,3.2,,,,,,,,,,,,,
DeMario Douglas NE,,37.1,0.2,WR,DeMario Douglas NE,2,3.5,,,,,,,,,,,,,
Rashod Bateman BAL,,39.5,0.4,WR,Rashod Bateman BAL,2,2.6,,,,,,,,,,,,,
Josh Downs IND,,37.2,0.2,WR,Josh Downs IND,2,3.4,,,,,,,,,,,,,
JuJu Smith-Schuster KC,,37.8,0.2,WR,JuJu Smith-Schuster KC,2,3.5,,,,,,,,,,,,,
Xavier Legette CAR,,35.3,0.2,WR,Xavier Legette CAR,2,3.3,,,,,,,,,,,,,
Marvin Mims Jr. DEN,,36.8,0.2,WR,Marvin Mims Jr. DEN,2,2.9,,,,,,,,,,,,,
Joshua Palmer BUF,,40.1,0.2,WR,Joshua Palmer BUF,2,2.9,,,,,,,,,,,,,
Elic Ayomanor TEN,,39.1,0.2,WR,Elic Ayomanor TEN,2,3.2,,,,,,,,,,,,,
Jalen Nailor MIN,,35.4,0.3,WR,Jalen Nailor MIN,2,2.5,,,,,,,,,,,,,
Michael Wilson ARI,,33.9,0.2,WR,Michael Wilson ARI,2,2.7,,,,,,,,,,,,,
Tre Tucker LV,,32.7,0.2,WR,Tre Tucker LV,2,2.3,,,,,,,,,,,,,
Malik Washington MIA,,33.1,0.2,WR,Malik Washington MIA,2,2.8,,,,,,,,,,,,,
Alec Pierce IND,,36.2,0.2,WR,Alec Pierce IND,2,2.0,,,,,,,,,,,,,
Dont'e Thornton Jr. LV,,32.4,0.2,WR,Dont'e Thornton Jr. LV,2,2.6,,,,,,,,,,,,,
Adam Thielen MIN,,27.6,0.2,WR,Adam Thielen MIN,2,2.6,,,,,,,,,,,,,
Dyami Brown JAC,,32.9,0.1,WR,Dyami Brown JAC,2,2.5,,,,,,,,,,,,,
Tyquan Thornton KC,,31.4,0.2,WR,Tyquan Thornton KC,2,2.4,,,,,,,,,,,,,
Darius Slayton NYG,,32.3,0.2,WR,Darius Slayton NYG,2,2.0,,,,,,,,,,,,,
Hunter Renfrow CAR,,29.2,0.1,WR,Hunter Renfrow CAR,2,2.7,,,,,,,,,,,,,
Ray-Ray McCloud III NYG,,28.1,0.1,WR,Ray-Ray McCloud III NYG,2,2.6,,,,,,,,,,,,,
Jayden Higgins HOU,,29.7,0.2,WR,Jayden Higgins HOU,2,2.2,,,,,,,,,,,,,
Troy Franklin DEN,,28.5,0.1,WR,Troy Franklin DEN,2,2.3,,,,,,,,,,,,,
DeAndre Hopkins BAL,,25.2,0.3,WR,DeAndre Hopkins BAL,2,1.7,,,,,,,,,,,,,
Dontayvion Wicks GB,,24.7,0.2,WR,Dontayvion Wicks GB,2,1.8,,,,,,,,,,,,,
Brandin Cooks NO,,23.6,0.2,WR,Brandin Cooks NO,2,2.1,,,,,,,,,,,,,
KaVontae Turpin DAL,,21.3,0.2,WR,KaVontae Turpin DAL,2,1.7,,,,,,,,,,,,,
Sterling Shepard TB,,23.7,0.2,WR,Sterling Shepard TB,2,2.0,,,,,,,,,,,,,
Tory Horton SEA,,27.6,0.1,WR,Tory Horton SEA,2,2.1,,,,,,,,,,,,,
Nick Westbrook-Ikhine MIA,,22.8,0.2,WR,Nick Westbrook-Ikhine MIA,2,1.6,,,,,,,,,,,,,
Jalen Tolbert DAL,,20.9,0.2,WR,Jalen Tolbert DAL,2,1.7,,,,,,,,,,,,,
Tyler Lockett LV,,23.3,0.1,WR,Tyler Lockett LV,2,2.0,,,,,,,,,,,,,
Olamide Zaccheaus CHI,,23.1,0.1,WR,Olamide Zaccheaus CHI,2,1.9,,,,,,,,,,,,,
Tyler Johnson NYJ,,22.3,0.1,WR,Tyler Johnson NYJ,2,2.0,,,,,,,,,,,,,
Andrei Iosivas CIN,,19.5,0.2,WR,Andrei Iosivas CIN,2,1.6,,,,,,,,,,,,,
Dareke Young SEA,,20.9,0.1,WR,Dareke Young SEA,2,1.6,,,,,,,,,,,,,
Xavier Hutchinson HOU,,20.2,0.1,WR,Xavier Hutchinson HOU,2,1.5,,,,,,,,,,,,,
Jahan Dotson PHI,,19.2,0.1,WR,Jahan Dotson PHI,2,1.5,,,,,,,,,,,,,
Kendrick Bourne SF,,19.1,0.1,WR,Kendrick Bourne SF,2,1.5,,,,,,,,,,,,,
Jack Bech LV,,19.0,0.1,WR,Jack Bech LV,2,1.5,,,,,,,,,,,,,
Justin Watson HOU,,18.6,0.1,WR,Justin Watson HOU,2,1.2,,,,,,,,,,,,,
Jaylin Noel HOU,,17.2,0.1,WR,Jaylin Noel HOU,2,1.4,,,,,,,,,,,,,
Luther Burden III CHI,,16.2,0.1,WR,Luther Burden III CHI,2,1.4,,,,,,,,,,,,,
Jaylin Lane WAS,,14.5,0.1,WR,Jaylin Lane WAS,2,1.3,,,,,,,,,,,,,
Chimere Dike TEN,,13.4,0.1,WR,Chimere Dike TEN,2,1.2,,,,,,,,,,,,,
Arian Smith NYJ,,14.5,0.1,WR,Arian Smith NYJ,2,1.3,,,,,,,,,,,,,
Adonai Mitchell NYJ,,14.8,0.1,WR,Adonai Mitchell NYJ,2,1.1,,,,,,,,,,,,,
Allen Lazard NYJ,,14.2,0.1,WR,Allen Lazard NYJ,2,1.1,,,,,,,,,,,,,
Kyle Williams NE,,14.1,0.1,WR,Kyle Williams NE,2,1.2,,,,,,,,,,,,,
Mack Hollins NE,,13.2,0.1,WR,Mack Hollins NE,2,1.0,,,,,,,,,,,,,
Isaac TeSlaa DET,,12.5,0.1,WR,Isaac TeSlaa DET,2,1.1,,,,,,,,,,,,,
Roman Wilson PIT,,11.7,0.1,WR,Roman Wilson PIT,2,1.0,,,,,,,,,,,,,
Devaughn Vele NO,,11.3,0.1,WR,Devaughn Vele NO,2,1.0,,,,,,,,,,,,,
Tre Harris LAC,,12.3,0.1,WR,Tre Harris LAC,2,0.9,,,,,,,,,,,,,
Kalif Raymond DET,,11.4,0.1,WR,Kalif Raymond DET,2,0.9,,,,,,,,,,,,,
Zay Jones ARI,,9.2,0.1,WR,Zay Jones ARI,2,0.9,,,,,,,,,,,,,
Jordan Whittington LAR,,9.3,0.1,WR,Jordan Whittington LAR,2,0.8,,,,,,,,,,,,,
Russell Gage Jr. SF,,9.5,0.1,WR,Russell Gage Jr. SF,2,0.8,,,,,,,,,,,,,
Pat Bryant DEN,,9.5,0.1,WR,Pat Bryant DEN,2,0.8,,,,,,,,,,,,,
Malik Heath GB,,6.7,0.1,WR,Malik Heath GB,2,0.6,,,,,,,,,,,,,
Brycen Tremayne CAR,,8.9,0.1,WR,Brycen Tremayne CAR,2,0.8,,,,,,,,,,,,,
Isaiah Bond CLE,,9.1,0.0,WR,Isaiah Bond CLE,2,0.8,,,,,,,,,,,,,
Greg Dortch ARI,,7.3,0.0,WR,Greg Dortch ARI,2,0.7,,,,,,,,,,,,,
Jamari Thrash CLE,,7.9,0.0,WR,Jamari Thrash CLE,2,0.7,,,,,,,,,,,,,
Trent Sherfield Sr. DEN,,7.5,0.0,WR,Trent Sherfield Sr. DEN,2,0.6,,,,,,,,,,,,,
Dee Eskridge MIA,,7.2,0.0,WR,Dee Eskridge MIA,2,0.6,,,,,,,,,,,,,
Parker Washington JAC,,6.4,0.0,WR,Parker Washington JAC,2,0.6,,,,,,,,,,,,,
KeAndre Lambert-Smith LAC,,6.3,0.0,WR,KeAndre Lambert-Smith LAC,2,0.5,,,,,,,,,,,,,
David Moore CAR,,6.0,0.0,WR,David Moore CAR,2,0.5,,,,,,,,,,,,,
Tylan Wallace BAL,,5.9,0.1,WR,Tylan Wallace BAL,2,0.5,,,,,,,,,,,,,
Jake Bobo SEA,,6.0,0.0,WR,Jake Bobo SEA,2,0.5,,,,,,,,,,,,,
Elijah Moore BUF,,4.5,0.0,WR,Elijah Moore BUF,2,0.4,,,,,,,,,,,,,
Chris Moore WAS,,5.2,0.0,WR,Chris Moore WAS,2,0.4,,,,,,,,,,,,,
Ben Skowronek PIT,,4.1,0.0,WR,Ben Skowronek PIT,2,0.4,,,,,,,,,,,,,
Tai Felton MIN,,3.8,0.0,WR,Tai Felton MIN,2,0.3,,,,,,,,,,,,,
Savion Williams GB,,3.2,0.0,WR,Savion Williams GB,2,0.3,,,,,,,,,,,,,
Derius Davis LAC,,2.2,0.0,WR,Derius Davis LAC,2,0.2,,,,,,,,,,,,,
Van Jefferson TEN,,3.1,0.0,WR,Van Jefferson TEN,2,0.2,,,,,,,,,,,,,
Charlie Jones CIN,,3.2,0.0,WR,Charlie Jones CIN,2,0.3,,,,,,,,,,,,,
Nikko Remigio KC,,2.7,0.0,WR,Nikko Remigio KC,2,0.2,,,,,,,,,,,,,
Tez Johnson TB,,2.3,0.0,WR,Tez Johnson TB,2,0.2,,,,,,,,,,,,,
Ryan Miller TB,,2.3,0.0,WR,Ryan Miller TB,2,0.2,,,,,,,,,,,,,
John Metchie III NYJ,,2.5,0.0,WR,John Metchie III NYJ,2,0.2,,,,,,,,,,,,,
Tyrell Shavers BUF,,2.2,0.0,WR,Tyrell Shavers BUF,2,0.2,,,,,,,,,,,,,
Mitch Tinsley CIN,,2.4,0.0,WR,Mitch Tinsley CIN,2,0.2,,,,,,,,,,,,,
Bryce Oliver TEN,,2.3,0.0,WR,Bryce Oliver TEN,2,0.2,,,,,,,,,,,,,
Scotty Miller PIT,,2.2,0.0,WR,Scotty Miller PIT,2,0.2,,,,,,,,,,,,,
Jason Brownlee KC,,1.9,0.0,WR,Jason Brownlee KC,2,0.2,,,,,,,,,,,,,
KhaDarel Hodge ATL,,1.9,0.0,WR,KhaDarel Hodge ATL,2,0.1,,,,,,,,,,,,,
Ashton Dulin IND,,1.3,0.0,WR,Ashton Dulin IND,2,0.1,,,,,,,,,,,,,
Devontez Walker BAL,,1.6,0.0,WR,Devontez Walker BAL,2,0.1,,,,,,,,,,,,,
Jalin Hyatt NYG,,2.0,0.0,WR,Jalin Hyatt NYG,2,0.1,,,,,,,,,,,,,
Tim Patrick JAC,,1.5,0.0,WR,Tim Patrick JAC,2,0.1,,,,,,,,,,,,,
Luke McCaffrey WAS,,1.2,0.0,WR,Luke McCaffrey WAS,2,0.1,,,,,,,,,,,,,
Konata Mumpfield LAR,,1.2,0.0,WR,Konata Mumpfield LAR,2,0.1,,,,,,,,,,,,,
Xavier Smith LAR,,1.8,0.0,WR,Xavier Smith LAR,2,0.2,,,,,,,,,,,,,
DeAndre Carter CLE,,1.4,0.0,WR,DeAndre Carter CLE,2,0.1,,,,,,,,,,,,,
Anthony Gould IND,,0.9,0.0,WR,Anthony Gould IND,2,0.1,,,,,,,,,,,,,
Devin Duvernay CHI,,0.5,0.0,WR,Devin Duvernay CHI,2,0.0,,,,,,,,,,,,,
Xavier Worthy KC,,0.0,0.0,WR,Xavier Worthy KC,2,0.0,,,,,,,,,,,,,
Rashee Rice KC,,0.0,0.0,WR,Rashee Rice KC,2,0.0,,,,,,,,,,,,,
Jordan Addison MIN,,0.0,0.0,WR,Jordan Addison MIN,2,0.0,,,,,,,,,,,,,
Chris Godwin Jr. TB,,0.0,0.0,WR,Chris Godwin Jr. TB,2,0.0,,,,,,,,,,,,,
Christian Kirk HOU,,0.0,0.0,WR,Christian Kirk HOU,2,0.0,,,,,,,,,,,,,
Jalen Coker CAR,,0.0,0.0,WR,Jalen Coker CAR,2,0.0,,,,,,,,,,,,,
Brandon Aiyuk SF,,0.0,0.0,WR,Brandon Aiyuk SF,2,0.0,,,,,,,,,,,,,
Christian Watson GB,,0.0,0.0,WR,Christian Watson GB,2,0.0,,,,,,,,,,,,,
Jermaine Burton CIN,,0.0,0.0,WR,Jermaine Burton CIN,2,0.0,,,,,,,,,,,,,
Curtis Samuel BUF,,0.0,0.0,WR,Curtis Samuel BUF,2,0.0,,,,,,,,,,,,,
Demarcus Robinson SF,,0.0,0.0,WR,Demarcus Robinson SF,2,0.0,,,,,,,,,,,,,
Ryan Flournoy DAL,,0.0,0.0,WR,Ryan Flournoy DAL,2,0.0,,,,,,,,,,,,,
Xavier Gipson PHI,,0.0,0.0,WR,Xavier Gipson PHI,2,0.0,,,,,,,,,,,,,
Jordan Watkins SF,,0.0,0.0,WR,Jordan Watkins SF,2,0.0,,,,,,,,,,,,,
Efton Chism III NE,,0.0,0.0,WR,Efton Chism III NE,2,0.0,,,,,,,,,,,,,
Trey Palmer NO,,0.0,0.0,WR,Trey Palmer NO,2,0.0,,,,,,,,,,,,,
Jamal Agnew ATL,,0.0,0.0,WR,Jamal Agnew ATL,2,0.0,,,,,,,,,,,,,
Jalen Royals KC,,0.0,0.0,WR,Jalen Royals KC,2,0.0,,,,,,,,,,,,,
Jimmy Horn Jr. CAR,,0.0,0.0,WR,Jimmy Horn Jr. CAR,2,0.0,,,,,,,,,,,,,
Skyy Moore SF,,0.0,0.0,WR,Skyy Moore SF,2,0.0,,,,,,,,,,,,,
Gage Larvadain CLE,,0.0,0.0,WR,Gage Larvadain CLE,2,0.0,,,,,,,,,,,,,
Xavier Weaver ARI,,0.0,0.0,WR,Xavier Weaver ARI,2,0.0,,,,,,,,,,,,,
Beaux Collins NYG,,0.0,0.0,WR,Beaux Collins NYG,2,0.0,,,,,,,,,,,,,
Cody White SEA,,0.0,0.0,WR,Cody White SEA,2,0.0,,,,,,,,,,,,,
Mason Tipton NO,,0.0,0.0,WR,Mason Tipton NO,2,0.0,,,,,,,,,,,,,
Braxton Berrios HOU,,0.0,0.0,WR,Braxton Berrios HOU,2,0.0,,,,,,,,,,,,,
LaJohntay Wester BAL,,0.0,0.0,WR,LaJohntay Wester BAL,2,0.0,,,,,,,,,,,,,
Kameron Johnson TB,,0.0,0.0,WR,Kameron Johnson TB,2,0.0,,,,,,,,,,,,,
Treylon Burks WAS,,0.0,0.0,WR,Treylon Burks WAS,2,0.0,,,,,,,,,,,,,
Brandon Johnson TB,,0.0,0.0,WR,Brandon Johnson TB,2,0.0,,,,,,,,,,,,,
Jonathan Mingo DAL,,0.0,0.0,WR,Jonathan Mingo DAL,2,0.0,,,,,,,,,,,,,
Bub Means NO,,0.0,0.0,WR,Bub Means NO,2,0.0,,,,,,,,,,,,,
Casey Washington ATL,,0.0,0.0,WR,Casey Washington ATL,2,0.0,,,,,,,,,,,,,
Jacob Cowing SF,,0.0,0.0,WR,Jacob Cowing SF,2,0.0,,,,,,,,,,,,,
Joshua Cephus JAC,,0.0,0.0,WR,Joshua Cephus JAC,2,0.0,,,,,,,,,,,,,
Cedrick Wilson Jr. MIA,,0.0,0.0,WR,Cedrick Wilson Jr. MIA,2,0.0,,,,,,,,,,,,,
Dante Pettis NO,,0.0,0.0,WR,Dante Pettis NO,2,0.0,,,,,,,,,,,,,
Gunner Olszewski NYG,,0.0,0.0,WR,Gunner Olszewski NYG,2,0.0,,,,,,,,,,,,,
Tom Kennedy DET,,0.0,0.0,WR,Tom Kennedy DET,2,0.0,,,,,,,,,,,,,
Ihmir Smith-Marsette NYG,,0.0,0.0,WR,Ihmir Smith-Marsette NYG,2,0.0,,,,,,,,,,,,,
Simi Fehoko ARI,,0.0,0.0,WR,Simi Fehoko ARI,2,0.0,,,,,,,,,,,,,
Mason Kinsey TEN,,0.0,0.0,WR,Mason Kinsey TEN,2,0.0,,,,,,,,,,,,,
Danny Gray PHI,,0.0,0.0,WR,Danny Gray PHI,2,0.0,,,,,,,,,,,,,
Michael Woods II GB,,0.0,0.0,WR,Michael Woods II GB,2,0.0,,,,,,,,,,,,,
Tim Jones JAC,,0.0,0.0,WR,Tim Jones JAC,2,0.0,,,,,,,,,,,,,
Britain Covey PHI,,0.0,0.0,WR,Britain Covey PHI,2,0.0,,,,,,,,,,,,,
Austin Trammell JAC,,0.0,0.0,WR,Austin Trammell JAC,2,0.0,,,,,,,,,,,,,
Tyler Scott LAR,,0.0,0.0,WR,Tyler Scott LAR,2,0.0,,,,,,,,,,,,,
Jalen Brooks ARI,,0.0,0.0,WR,Jalen Brooks ARI,2,0.0,,,,,,,,,,,,,
Malachi Corley CLE,,0.0,0.0,WR,Malachi Corley CLE,2,0.0,,,,,,,,,,,,,
Ainias Smith CAR,,0.0,0.0,WR,Ainias Smith CAR,2,0.0,,,,,,,,,,,,,
Isaiah Williams NYJ,,0.0,0.0,WR,Isaiah Williams NYJ,2,0.0,,,,,,,,,,,,,
Kevin Austin Jr. NO,,0.0,0.0,WR,Kevin Austin Jr. NO,2,0.0,,,,,,,,,,,,,
Nick Nash ATL,,0.0,0.0,WR,Nick Nash ATL,2,0.0,,,,,,,,,,,,,
Myles Price MIN,,0.0,0.0,WR,Myles Price MIN,2,0.0,,,,,,,,,,,,,
Darius Cooper PHI,,0.0,0.0,WR,Darius Cooper PHI,2,0.0,,,,,,,,,,,,,
Trey McBride ARI,,,67.2,TE,Trey McBride ARI,2,6.5,,,,,,,,,,,,,
Brock Bowers LV,,,69.5,TE,Brock Bowers LV,2,6.3,,,,,,,,,,,,,
Travis Kelce KC,,,48.8,TE,Travis Kelce KC,2,4.9,,,,,,,,,,,,,
Sam LaPorta DET,,,47.7,TE,Sam LaPorta DET,2,4.3,,,,,,,,,,,,,
T.J. Hockenson MIN,,,47.1,TE,T.J. Hockenson MIN,2,4.6,,,,,,,,,,,,,
Tyler Warren IND,,,45.7,TE,Tyler Warren IND,2,4.1,,,,,,,,,,,,,
David Njoku CLE,,,42.5,TE,David Njoku CLE,2,4.3,,,,,,,,,,,,,
Mark Andrews BAL,,,39.7,TE,Mark Andrews BAL,2,3.3,,,,,,,,,,,,,
Hunter Henry NE,,,40.3,TE,Hunter Henry NE,2,3.7,,,,,,,,,,,,,
Evan Engram DEN,,,36.9,TE,Evan Engram DEN,2,4.3,,,,,,,,,,,,,
Jake Ferguson DAL,,,37.9,TE,Jake Ferguson DAL,2,4.1,,,,,,,,,,,,,
Zach Ertz WAS,,,33.7,TE,Zach Ertz WAS,2,3.9,,,,,,,,,,,,,
Jonnu Smith PIT,,,34.6,TE,Jonnu Smith PIT,2,3.5,,,,,,,,,,,,,
Juwan Johnson NO,,,36.7,TE,Juwan Johnson NO,2,3.6,,,,,,,,,,,,,
Dalton Schultz HOU,,,34.8,TE,Dalton Schultz HOU,2,3.3,,,,,,,,,,,,,
Chig Okonkwo TEN,,,35.6,TE,Chig Okonkwo TEN,2,3.5,,,,,,,,,,,,,
Kyle Pitts Sr. ATL,,,37.5,TE,Kyle Pitts Sr. ATL,2,3.0,,,,,,,,,,,,,
Cade Otton TB,,,32.4,TE,Cade Otton TB,2,3.0,,,,,,,,,,,,,
Dalton Kincaid BUF,,,32.8,TE,Dalton Kincaid BUF,2,3.2,,,,,,,,,,,,,
Harold Fannin Jr. CLE,,,32.9,TE,Harold Fannin Jr. CLE,2,3.4,,,,,,,,,,,,,
Theo Johnson NYG,,,30.6,TE,Theo Johnson NYG,2,2.7,,,,,,,,,,,,,
Tyler Higbee LAR,,,25.5,TE,Tyler Higbee LAR,2,2.7,,,,,,,,,,,,,
Noah Fant CIN,,,28.3,TE,Noah Fant CIN,2,2.7,,,,,,,,,,,,,
Mason Taylor NYJ,,,29.6,TE,Mason Taylor NYJ,2,2.9,,,,,,,,,,,,,
Ja'Tavion Sanders CAR,,,28.0,TE,Ja'Tavion Sanders CAR,2,2.8,,,,,,,,,,,,,
Pat Freiermuth PIT,,,26.4,TE,Pat Freiermuth PIT,2,2.7,,,,,,,,,,,,,
Colston Loveland CHI,,,27.1,TE,Colston Loveland CHI,2,2.6,,,,,,,,,,,,,
Cole Kmet CHI,,,25.5,TE,Cole Kmet CHI,2,2.5,,,,,,,,,,,,,
AJ Barner SEA,,,23.4,TE,AJ Barner SEA,2,2.5,,,,,,,,,,,,,
Will Dissly LAC,,,22.2,TE,Will Dissly LAC,2,2.3,,,,,,,,,,,,,
Michael Mayer LV,,,21.5,TE,Michael Mayer LV,2,2.3,,,,,,,,,,,,,
Jake Tonges SF,,,20.6,TE,Jake Tonges SF,2,1.9,,,,,,,,,,,,,
Tyler Conklin LAC,,,20.5,TE,Tyler Conklin LAC,2,1.9,,,,,,,,,,,,,
Noah Gray KC,,,17.8,TE,Noah Gray KC,2,1.9,,,,,,,,,,,,,
Tanner Conner MIA,,,18.3,TE,Tanner Conner MIA,2,1.8,,,,,,,,,,,,,
Grant Calcaterra PHI,,,18.2,TE,Grant Calcaterra PHI,2,1.7,,,,,,,,,,,,,
Elijah Arroyo SEA,,,16.3,TE,Elijah Arroyo SEA,2,1.6,,,,,,,,,,,,,
Gunnar Helm TEN,,,15.8,TE,Gunnar Helm TEN,2,1.5,,,,,,,,,,,,,
Kylen Granson PHI,,,16.2,TE,Kylen Granson PHI,2,1.5,,,,,,,,,,,,,
Robbie Ouzts SEA,,,14.7,TE,Robbie Ouzts SEA,2,1.5,,,,,,,,,,,,,
Josh Oliver MIN,,,13.5,TE,Josh Oliver MIN,2,1.3,,,,,,,,,,,,,
Julian Hill MIA,,,14.3,TE,Julian Hill MIA,2,1.5,,,,,,,,,,,,,
Luke Farrell SF,,,13.0,TE,Luke Farrell SF,2,1.4,,,,,,,,,,,,,
Tommy Tremble CAR,,,11.7,TE,Tommy Tremble CAR,2,1.3,,,,,,,,,,,,,
Dawson Knox BUF,,,11.1,TE,Dawson Knox BUF,2,1.0,,,,,,,,,,,,,
Davis Allen LAR,,,10.1,TE,Davis Allen LAR,2,1.0,,,,,,,,,,,,,
Charlie Kolar BAL,,,12.2,TE,Charlie Kolar BAL,2,1.0,,,,,,,,,,,,,
Austin Hooper NE,,,11.2,TE,Austin Hooper NE,2,1.1,,,,,,,,,,,,,
Jeremy Ruckert NYJ,,,10.0,TE,Jeremy Ruckert NYJ,2,1.2,,,,,,,,,,,,,
Elijah Higgins ARI,,,9.5,TE,Elijah Higgins ARI,2,1.0,,,,,,,,,,,,,
Brock Wright DET,,,7.9,TE,Brock Wright DET,2,0.9,,,,,,,,,,,,,
Adam Trautman DEN,,,9.2,TE,Adam Trautman DEN,2,0.9,,,,,,,,,,,,,
Luke Musgrave GB,,,9.5,TE,Luke Musgrave GB,2,0.9,,,,,,,,,,,,,
Johnny Mundt JAC,,,8.3,TE,Johnny Mundt JAC,2,0.9,,,,,,,,,,,,,
Luke Schoonmaker DAL,,,8.2,TE,Luke Schoonmaker DAL,2,0.9,,,,,,,,,,,,,
Harrison Bryant HOU,,,7.5,TE,Harrison Bryant HOU,2,0.8,,,,,,,,,,,,,
Drew Ogletree IND,,,7.1,TE,Drew Ogletree IND,2,0.5,,,,,,,,,,,,,
Drew Sample CIN,,,5.6,TE,Drew Sample CIN,2,0.7,,,,,,,,,,,,,
Payne Durham TB,,,6.0,TE,Payne Durham TB,2,0.6,,,,,,,,,,,,,
Hunter Long JAC,,,5.8,TE,Hunter Long JAC,2,0.6,,,,,,,,,,,,,
Brevyn Spann-Ford DAL,,,5.4,TE,Brevyn Spann-Ford DAL,2,0.6,,,,,,,,,,,,,
Daniel Bellinger NYG,,,6.5,TE,Daniel Bellinger NYG,2,0.6,,,,,,,,,,,,,
John Bates WAS,,,4.8,TE,John Bates WAS,2,0.5,,,,,,,,,,,,,
Connor Heyward PIT,,,3.9,TE,Connor Heyward PIT,2,0.5,,,,,,,,,,,,,
Lucas Krull DEN,,,4.9,TE,Lucas Krull DEN,2,0.6,,,,,,,,,,,,,
Terrance Ferguson LAR,,,5.1,TE,Terrance Ferguson LAR,2,0.5,,,,,,,,,,,,,
Eric Saubert SEA,,,3.6,TE,Eric Saubert SEA,2,0.4,,,,,,,,,,,,,
Ben Sinnott WAS,,,3.6,TE,Ben Sinnott WAS,2,0.4,,,,,,,,,,,,,
Jackson Hawes BUF,,,4.0,TE,Jackson Hawes BUF,2,0.4,,,,,,,,,,,,,
Jack Stoll NO,,,4.3,TE,Jack Stoll NO,2,0.5,,,,,,,,,,,,,
Charlie Woerner ATL,,,4.4,TE,Charlie Woerner ATL,2,0.5,,,,,,,,,,,,,
Travis Vokolek ARI,,,3.3,TE,Travis Vokolek ARI,2,0.4,,,,,,,,,,,,,
Blake Whiteheart CLE,,,3.0,TE,Blake Whiteheart CLE,2,0.4,,,,,,,,,,,,,
Darnell Washington PIT,,,4.3,TE,Darnell Washington PIT,2,0.4,,,,,,,,,,,,,
Mitchell Evans CAR,,,3.4,TE,Mitchell Evans CAR,2,0.4,,,,,,,,,,,,,
Chris Manhertz NYG,,,2.5,TE,Chris Manhertz NYG,2,0.2,,,,,,,,,,,,,
Mo Alie-Cox IND,,,2.9,TE,Mo Alie-Cox IND,2,0.3,,,,,,,,,,,,,
Stone Smartt NYJ,,,3.8,TE,Stone Smartt NYJ,2,0.3,,,,,,,,,,,,,
Ian Thomas LV,,,2.8,TE,Ian Thomas LV,2,0.3,,,,,,,,,,,,,
Teagan Quitoriano ATL,,,3.3,TE,Teagan Quitoriano ATL,2,0.3,,,,,,,,,,,,,
Durham Smythe CHI,,,2.7,TE,Durham Smythe CHI,2,0.3,,,,,,,,,,,,,
Moliki Matavao NO,,,2.7,TE,Moliki Matavao NO,2,0.3,,,,,,,,,,,,,
John FitzPatrick GB,,,2.2,TE,John FitzPatrick GB,2,0.2,,,,,,,,,,,,,
Jack Westover NE,,,2.0,TE,Jack Westover NE,2,0.3,,,,,,,,,,,,,
Tanner Hudson CIN,,,1.7,TE,Tanner Hudson CIN,2,0.2,,,,,,,,,,,,,
Feleipe Franks ATL,,,1.5,TE,Feleipe Franks ATL,2,0.2,,,,,,,,,,,,,
Ko Kieft TB,,,0.2,TE,Ko Kieft TB,2,0.0,,,,,,,,,,,,,
Brady Russell SEA,,,0.0,TE,Brady Russell SEA,2,0.0,,,,,,,,,,,,,
George Kittle SF,,,0.0,TE,George Kittle SF,2,0.0,,,,,,,,,,,,,
Dallas Goedert PHI,,,0.0,TE,Dallas Goedert PHI,2,0.0,,,,,,,,,,,,,
Isaiah Likely BAL,,,0.0,TE,Isaiah Likely BAL,2,0.0,,,,,,,,,,,,,
Oronde Gadsden II LAC,,,0.0,TE,Oronde Gadsden II LAC,2,0.0,,,,,,,,,,,,,
Cade Stover HOU,,,0.0,TE,Cade Stover HOU,2,0.0,,,,,,,,,,,,,
Foster Moreau NO,,,0.0,TE,Foster Moreau NO,2,0.0,,,,,,,,,,,,,
Colby Parkinson LAR,,,0.0,TE,Colby Parkinson LAR,2,0.0,,,,,,,,,,,,,
Tip Reiman ARI,,,0.0,TE,Tip Reiman ARI,2,0.0,,,,,,,,,,,,,
David Martin-Robinson TEN,,,0.0,TE,David Martin-Robinson TEN,2,0.0,,,,,,,,,,,,,
Jared Wiley KC,,,0.0,TE,Jared Wiley KC,2,0.0,,,,,,,,,,,,,
Nate Adkins DEN,,,0.0,TE,Nate Adkins DEN,2,0.0,,,,,,,,,,,,,
Tucker Fisk LAC,,,0.0,TE,Tucker Fisk LAC,2,0.0,,,,,,,,,,,,,
Will Mallory IND,,,0.0,TE,Will Mallory IND,2,0.0,,,,,,,,,,,,,
Shane Zylstra DET,,,0.0,TE,Shane Zylstra DET,2,0.0,,,,,,,,,,,,,
Ben Sims MIN,,,0.0,TE,Ben Sims MIN,2,0.0,,,,,,,,,,,,,
Devin Culp TB,,,0.0,TE,Devin Culp TB,2,0.0,,,,,,,,,,,,,
Cam Grandy CIN,,,0.0,TE,Cam Grandy CIN,2,0.0,,,,,,,,,,,,,
Gavin Bartholomew MIN,,,0.0,TE,Gavin Bartholomew MIN,2,0.0,,,,,,,,,,,,,
Robert Tonyan KC,,,0.0,TE,Robert Tonyan KC,2,0.0,,,,,,,,,,,,,
Ross Dwelley DET,,,0.0,TE,Ross Dwelley DET,2,0.0,,,,,,,,,,,,,
Stephen Carlson CHI,,,0.0,TE,Stephen Carlson CHI,2,0.0,,,,,,,,,,,,,
Pharaoh Brown ARI,,,0.0,TE,Pharaoh Brown ARI,2,0.0,,,,,,,,,,,,,
Josh Whyle GB,,,0.0,TE,Josh Whyle GB,2,0.0,,,,,,,,,,,,,
John Stephens Jr. DAL,,,0.0,TE,John Stephens Jr. DAL,2,0.0,,,,,,,,,,,,,
Brenden Bates CLE,,,0.0,TE,Brenden Bates CLE,2,0.0,,,,,,,,,,,,,
,,,,K,Brandon Aubrey DAL,2,,Brandon Aubrey DAL,2.1,2.4,2.6,8.9,,,,,,,,
,,,,K,Evan McPherson CIN,2,,Evan McPherson CIN,1.8,2.2,3.1,8.4,,,,,,,,
,,,,K,Brandon McManus GB,2,,Brandon McManus GB,1.9,2.1,2.8,8.4,,,,,,,,
,,,,K,Jake Bates DET,2,,Jake Bates DET,1.8,2.0,3.0,8.3,,,,,,,,
,,,,K,Will Reichard MIN,2,,Will Reichard MIN,1.9,2.2,2.7,8.2,,,,,,,,
,,,,K,Tyler Loop BAL,2,,Tyler Loop BAL,1.7,2.0,3.1,8.2,,,,,,,,
,,,,K,Matt Prater BUF,2,,Matt Prater BUF,1.8,2.0,2.8,8.2,,,,,,,,
,,,,K,Cameron Dicker LAC,2,,Cameron Dicker LAC,1.9,2.1,2.4,8.1,,,,,,,,
,,,,K,Chad Ryland ARI,2,,Chad Ryland ARI,1.8,2.2,2.6,8.0,,,,,,,,
,,,,K,Riley Patterson MIA,2,,Riley Patterson MIA,1.8,2.4,2.5,7.8,,,,,,,,
,,,,K,Ka'imi Fairbairn HOU,2,,Ka'imi Fairbairn HOU,1.9,2.1,2.1,7.7,,,,,,,,
,,,,K,Harrison Butker KC,2,,Harrison Butker KC,1.7,2.0,2.4,7.6,,,,,,,,
,,,,K,Jake Elliott PHI,2,,Jake Elliott PHI,1.6,1.9,2.6,7.5,,,,,,,,
,,,,K,Chris Boswell PIT,2,,Chris Boswell PIT,1.8,1.9,2.2,7.4,,,,,,,,
,,,,K,Chase McLaughlin TB,2,,Chase McLaughlin TB,1.7,1.9,2.4,7.4,,,,,,,,
,,,,K,Joshua Karty LAR,2,,Joshua Karty LAR,1.7,2.0,2.3,7.3,,,,,,,,
,,,,K,Cam Little JAC,2,,Cam Little JAC,1.7,1.8,2.3,7.3,,,,,,,,
,,,,K,Wil Lutz DEN,2,,Wil Lutz DEN,1.7,1.9,2.2,7.3,,,,,,,,
,,,,K,Eddy Pineiro SF,2,,Eddy Pineiro SF,1.6,1.9,2.3,7.2,,,,,,,,
,,,,K,Daniel Carlson LV,2,,Daniel Carlson LV,1.7,1.9,2.0,7.1,,,,,,,,
,,,,K,Matt Gay WAS,2,,Matt Gay WAS,1.5,1.8,2.4,7.0,,,,,,,,
,,,,K,Blake Grupe NO,2,,Blake Grupe NO,1.6,1.9,1.8,6.6,,,,,,,,
,,,,K,Andy Borregales NE,2,,Andy Borregales NE,1.5,2.0,2.0,6.6,,,,,,,,
,,,,K,Cairo Santos CHI,2,,Cairo Santos CHI,1.5,1.8,2.0,6.6,,,,,,,,
,,,,K,Ryan Fitzgerald CAR,2,,Ryan Fitzgerald CAR,1.5,1.8,1.8,6.4,,,,,,,,
,,,,K,Graham Gano NYG,2,,Graham Gano NYG,1.5,1.8,2.0,6.4,,,,,,,,
,,,,K,Joey Slye TEN,2,,Joey Slye TEN,1.6,1.9,1.7,6.4,,,,,,,,
,,,,K,Nick Folk NYJ,2,,Nick Folk NYJ,1.5,1.6,1.9,6.4,,,,,,,,
,,,,K,Jason Myers SEA,2,,Jason Myers SEA,1.5,1.7,1.7,6.3,,,,,,,,
,,,,K,Andre Szmyt CLE,2,,Andre Szmyt CLE,1.4,1.7,1.4,5.7,,,,,,,,
,,,,K,Jude McAtamney NYG,2,,Jude McAtamney NYG,0.0,0.0,0.0,0.0,,,,,,,,
,,,,K,Harrison Mevis LAR,2,,Harrison Mevis LAR,0.0,0.0,0.0,0.0,,,,,,,,
,,,,K,Jake Moody CHI,2,,Jake Moody CHI,0.0,0.0,0.0,0.0,,,,,,,,
,,,,K,Tyler Bass BUF,2,,Tyler Bass BUF,0.0,0.0,0.0,0.0,,,,,,,,
,,,,K,Matthew Wright HOU,2,,Matthew Wright HOU,0.0,0.0,0.0,0.0,,,,,,,,
,,,,K,Jason Sanders MIA,2,,Jason Sanders MIA,0.0,0.0,0.0,0.0,,,,,,,,
,,,,K,Younghoe Koo NYG,2,,Younghoe Koo NYG,0.0,0.0,0.0,0.0,,,,,,,,
,,,,DST,Baltimore Ravens,2,,Baltimore Ravens,,,,8.9,3.2,1.1,0.6,0.9,0.2,0.1,16.2,301.8
,,,,DST,Los Angeles Rams,2,,Los Angeles Rams,,,,8.5,3.4,0.8,0.7,1.1,0.2,0.0,18.9,301.0
,,,,DST,Pittsburgh Steelers,2,,Pittsburgh Steelers,,,,7.8,2.8,0.8,0.7,1.1,0.2,0.0,17.6,320.3
,,,,DST,Dallas Cowboys,2,,Dallas Cowboys,,,,7.8,3.3,0.7,0.6,0.9,0.2,0.0,19.7,331.0
,,,,DST,Buffalo Bills,2,,Buffalo Bills,,,,7.7,2.8,0.7,0.7,1.2,0.2,0.0,19.2,321.7
,,,,DST,Minnesota Vikings,2,,Minnesota Vikings,,,,7.3,2.3,0.8,0.6,0.8,0.2,0.1,19.3,312.7
,,,,DST,Arizona Cardinals,2,,Arizona Cardinals,,,,7.2,2.4,0.8,0.6,0.9,0.2,0.0,19.3,303.1
,,,,DST,San Francisco 49ers,2,,San Francisco 49ers,,,,7.0,2.2,0.8,0.6,0.9,0.2,0.0,19.0,306.9
,,,,DST,Houston Texans,2,,Houston Texans,,,,6.9,2.8,1.0,0.5,0.8,0.2,0.0,22.1,340.6
,,,,DST,Los Angeles Chargers,2,,Los Angeles Chargers,,,,6.8,3.1,0.8,0.6,1.0,0.2,0.0,20.7,337.4
,,,,DST,Denver Broncos,2,,Denver Broncos,,,,6.8,3.1,0.7,0.6,1.0,0.2,0.0,20.9,317.1
,,,,DST,Green Bay Packers,2,,Green Bay Packers,,,,6.7,3.1,0.7,0.7,1.1,0.2,0.0,22.4,333.7
,,,,DST,New York Giants,2,,New York Giants,,,,6.6,3.0,0.6,0.7,1.2,0.2,0.0,25.8,352.4
,,,,DST,Tampa Bay Buccaneers,2,,Tampa Bay Buccaneers,,,,6.5,3.1,0.7,0.6,0.9,0.1,0.1,21.7,324.6
,,,,DST,Atlanta Falcons,2,,Atlanta Falcons,,,,6.4,2.9,0.8,0.5,0.8,0.1,0.0,24.9,367.9
,,,,DST,Detroit Lions,2,,Detroit Lions,,,,6.4,2.9,0.7,0.6,0.8,0.2,0.0,20.2,327.1
,,,,DST,Miami Dolphins,2,,Miami Dolphins,,,,6.3,2.8,0.8,0.6,0.9,0.2,0.0,21.6,331.7
,,,,DST,Philadelphia Eagles,2,,Philadelphia Eagles,,,,6.2,2.3,0.7,0.7,1.2,0.2,0.0,22.8,324.6
,,,,DST,Kansas City Chiefs,2,,Kansas City Chiefs,,,,6.1,2.9,0.6,0.6,0.9,0.1,0.0,23.1,335.9
,,,,DST,Seattle Seahawks,2,,Seattle Seahawks,,,,5.9,2.9,0.7,0.5,0.7,0.1,0.0,22.1,313.4
,,,,DST,Chicago Bears,2,,Chicago Bears,,,,5.8,2.4,0.7,0.6,0.9,0.2,0.0,27.1,373.6
,,,,DST,Indianapolis Colts,2,,Indianapolis Colts,,,,5.8,2.2,0.7,0.6,1.0,0.2,0.0,21.8,329.6
,,,,DST,New Orleans Saints,2,,New Orleans Saints,,,,5.8,2.3,0.8,0.5,0.7,0.1,0.0,22.5,369.1
,,,,DST,New England Patriots,2,,New England Patriots,,,,5.5,2.3,0.8,0.5,0.7,0.1,0.0,24.1,360.4
,,,,DST,Cincinnati Bengals,2,,Cincinnati Bengals,,,,5.5,1.9,0.8,0.6,0.9,0.2,0.0,22.1,351.9
,,,,DST,Jacksonville Jaguars,2,,Jacksonville Jaguars,,,,5.5,2.6,0.6,0.6,0.9,0.1,0.0,26.6,343.5
,,,,DST,Las Vegas Raiders,2,,Las Vegas Raiders,,,,5.3,2.7,0.5,0.5,0.7,0.1,0.0,23.8,330.7
,,,,DST,Tennessee Titans,2,,Tennessee Titans,,,,4.8,2.1,0.6,0.5,0.8,0.1,0.0,24.6,353.7
,,,,DST,Cleveland Browns,2,,Cleveland Browns,,,,4.8,2.1,0.5,0.5,0.8,0.1,0.0,29.1,392.2
,,,,DST,Washington Commanders,2,,Washington Commanders,,,,4.8,1.7,0.7,0.5,0.8,0.1,0.0,27.1,374.2
,,,,DST,Carolina Panthers,2,,Carolina Panthers,,,,4.7,1.9,0.6,0.5,0.6,0.1,0.0,26.5,369.9
,,,,DST,New York Jets,2,,New York Jets,,,,4.6,1.8,0.5,0.5,0.8,0.1,0.0,28.0,355.9
